State,state,Housing Price,Hot Summer
 UT,utah,349480.5,90
 CO,colorado,403398.6,90
 NV,nevada,273101.6,90
 VA,virginia,297255.81,90
 GA,georgia,260420.97,90
 ID,idaho,310453.6,91
 LA,louisiana,329408.45,91
 TN,tennessee,302603.33,92
 AR,arkansas,262582.2,92
 CA,california,353676.2,92
 MS,mississippi,262328.33,92
 AL,alabama,257637,92
 FL,florida,320883.65,92
 SC,south carolina,308675.55,93
 OK,oklahoma,296345.58,94
 TX,texas,329846.43,96
 AZ,arizona,330528.95,106
